https://www.magnumicecream.com/pt/artigos/sustentabilidade/estamos-a-proteger-as-florestas.html | Estamos a proteger as florestas para o futuro | Skip to:
https://www.ola.pt/home.html | Home  Ola | Skip to:
https://www.ola.pt/p/multipack-ol%C3%A1-p%C3%A9.html/08718114732909 | Home  Ola | Skip to:
https://www.ola.pt/marcas/classicos.html#main-content | Clássicos  Ola | Skip to:
https://www.ola.pt/marcas/ola-criancas.html | Kids  Ola | Skip to:
https://www.unilevernotices.com/cookie-notices/portugal-portuguese.html | Aviso de Cookies  Unilever Legal | Na Unilever, respeitamos as suas preocupações sobre privacidade e valorizamos a relação que temos consigo.
https://www.ola.pt/marcas/carte-d-or/os-nossos-produtos.html | Os nossos produtos  Carte D'Or  Ola | Skip to:
https://www.ola.pt/sobre-a-ola/por-favor-recicle.html#main-content | Recicle  Ola | Skip to:
https://www.ola.pt/marcas/viennetta.html#footer | Viennetta  Ola | Skip to:
https://www.ola.pt/sitemap.html | Site map  Ola | Skip to:
https://www.ola.pt/p/viennetta-morango.html/08712100323140 | Viennetta Morango  Ola | Skip to:
https://www.hbicecream.ie | Home  Heartbrand Ireland | Gehe zu:
https://www.magnumicecream.com/pt/home.html | Magnum  Home | Skip to:
https://www.magnumicecream.com/pt/produtos/magnum-em-copo.html | Em Copo  Magnum | Skip to:
https://www.magnumicecream.com/pt/produtos.html | Magnum  Produtos | Skip to:
https://www.kwalitywalls.in/ | Welcome to Kwality Wall's!  Kwality Wall's India | Skip to:
https://www.magnumicecream.com/pt/home.html#main-content | Magnum  Home | Skip to:
https://www.ola.pt/marcas/carte-d-or.html | Carte D'Or  Ola | Skip to:
https://www.ola.pt/contato.html#search-input | Contactos Olá  Ola | Skip to:
https://www.magnumicecream.com/pt/p/branco.html/08000920500217 | Magnum Branco  Produtos | Skip to:
https://www.ola.pt/p/haribo-push-up.html/08712566344321 | Haribo Push Up  Ola | Skip to:
https://www.magnumicecream.com/pt/artigos/artigos-de-moda.html | Magnum  Artigos de Moda | Skip to:
https://www.ola.pt/marcas/cornetto.html | Cornetto  Ola | Skip to:
https://www.ola.pt/p/multipack-minimilk.html/08000920461747 | Multipack Minimilk  Ola | Skip to:
https://www.ola.pt/p/carte-d%27or-les-authentiques-baunilha.html/08000920320006/carte-dor | Home  Ola | Skip to:
https://www.ola.pt/localizacao.html#footer | Selecionar local  Ola | Skip to:
https://www.ola.pt/p/multipack-calippo-supermix.html/08712566108626 | Multipack Calippo SuperMix  Ola | Skip to:
https://www.ola.pt/sobre-a-ola/historia.html#footer | Historia  Ola | Skip to:
https://www.magnumicecream.com/pt/perguntas-mais-frequentes.html | Magnum  Perguntas Mais Frequentes | Skip to:
https://www.unilever-fima.com/legal/ | Legal  Unilever | Unilever PortugalMudar localização
https://www.magnumicecream.com/pt/artigos/sustentabilidade/embalagem.html | Embalagem sustentável. Do início ao fim. | Skip to:
https://www.ola.pt/marcas/calippo.html | Calippo  Ola | Skip to:
https://www.magnumicecream.com/pt/produtos/mais-magnums-para-conhecer.html | MAIS MAGNUM  Produtos | Skip to:
https://www.heladosholanda.com.mx/home.html | Sitio Oficial de Helados y Paletas  Helados Holanda | Pasemos a:
https://www.ola.pt/marcas/viennetta.html | Viennetta  Ola | Skip to:
https://www.selectaphilippines.com/home.html | Experience the Rich Flavor of Selecta Ice Cream | Skip to:
https://www.ola.pt/marcas/ola-criancas.html#main-content | Kids  Ola | Skip to:
https://www.ola.pt/p/multipack-cornetto-miniaturas-cl%C3%A1ssico.html/08711327488694 | Home  Ola | Skip to:
https://www.ola.pt/p/gominis.html/08711327595187 | GOMINIS  Ola | Skip to:
https://www.magnumicecream.com/pt/p/caramel-&-nuts.html/08000920596708 | Magnum Caramel & Nuts  Produtos | Skip to:
https://www.ola.pt/sobre-a-ola/historia.html | Historia  Ola | Skip to:
https://www.youtube.com/user/mymagnum | Antes de continuar para o YouTube | Utilizamos cookies e dados para
https://www.magnumicecream.com/pt/home.html#footer | Magnum  Home | Skip to:
https://www.magnumicecream.com/pt/mapa-do-site.html | Magnum  Mapa do site | Skip to:
https://www.ola.pt/marcas/carte-d-or.html#main-content | Carte D'Or  Ola | Skip to:
https://www.magnumicecream.com/pt/produtos/os-doubles.html | Os Doubles  Magnum | Skip to:
https://www.ola.pt/marcas/cornetto.html#search-input | Cornetto  Ola | Skip to:
https://www.ola.pt/p/multipack-feast.html/08711327324831 | Multipack Feast  Ola | Skip to:
https://www.ola.pt/localizacao.html | Selecionar local  Ola | Skip to:
https://www.ola.pt/marcas.html | Marcas  Ola | Skip to:
https://www.eskimo.at | Startseite  Eskimo | Gehe zu:
https://www.ola.pt/marcas/solero.html | Solero  Ola | Skip to:
https://www.magnumicecream.com/pt/alterar-localizacao.html | Alterar localização | Skip to:
https://www.goodhumor.com/us/en/home.html | Good Humor: Ice Cream Novelties & Treats | Gehe zu:
https://www.magnumicecream.com/pt/artigos/campanha.html | Magnum  Campanha | Skip to:
https://www.ola.pt/sobre-a-ola/historia.html#main-content | Historia  Ola | Skip to:
https://www.walls.com.my | Home  Wall's Malaysia | Skip to:
https://www.magnumicecream.com/pt/produtos/os-minis.html | OS MINIS  MAGNUM | Skip to:
https://www.ola.pt/p/disney-toy-story-buzz-lightyear.html/08711327540729 | Disney® Toy Story Buzz Lightyear  Ola | Skip to:
https://www.ola.pt | Home  Ola | Skip to:
https://www.ola.pt/marcas/classicos.html#search-input | Clássicos  Ola | Skip to:
https://www.ola.pt/contato.html | Contactos Olá  Ola | Skip to:
https://www.magnumicecream.com/pt/p/am%C3%AAndoas.html/08000920500224 | Magnum Amêndoas  Produtos | Skip to:
https://www.ola.pt/marcas/cornetto.html#footer | Cornetto  Ola | Skip to:
https://www.ola.pt/p/multipack-ep%C3%A1.html/05601104064049 | Home  Ola | Skip to:
https://www.ola.pt/marcas/classicos.html | Clássicos  Ola | Skip to:
https://www.ola.pt/p/multipack-fizz-lim%C3%A3o.html/08712100326356 | Home  Ola | Skip to:
https://www.ola.pt/sobre-a-ola/por-favor-recicle.html#search-input | Recicle  Ola | Skip to:
https://www.magnumicecream.com/pt/artigos/food.html | Artigos de Gastronomia  Artigos | Skip to:
https://www.streetsicecream.com.au | Home  Streets AU | Skip to:
https://www.magnumicecream.com/pt/artigos/food/pints.html | Gelado Magnum Pint  Magnum em Pint  Magnum | Skip to:
https://www.kibon.com.br/home.html | Página Principal  Kibon | Pule para:
https://www.unilevernotices.com/privacy-notices/portugal-portuguese.html | Aviso de Privacidade  Unilever Legal | Sabemos que se preocupa com os seus dados pessoais e sobre o modo como são utilizados, e queremos que confie na Unilever para utilizar os seus dados pessoais com cuidado. Este Aviso de Privacidade irá ajudá-lo a compreender que dados pessoais recolhemos, porque os recolhemos e aquilo que fazemos com eles.
https://www.ola.pt/marcas/ola-criancas.html#search-input | Kids  Ola | Skip to:
https://www.magnumicecream.com/pt/artigos/sustentabilidade.html | Magnum & Sustentabilidade: O futuro do prazer | Skip to:
https://www.ola.pt/localizacao.html#search-input | Selecionar local  Ola | Skip to:
https://www.ola.pt/home.html#search-input | Home  Ola | Skip to:
https://www.ola.pt/marcas/classicos.html#footer | Clássicos  Ola | Skip to:
https://www.magnumicecream.com/pt/p/am%C3%AAndoas.html/08712566328208 | Magnum Amêndoas x3  Produtos | Skip to:
https://www.ola.pt/p/multipack-cornetto-cl%C3%A1ssico.html/08711327318403 | Home  Ola | Skip to:
https://www.ola.pt/sobre-a-ola.html | Sobre a Olá  Ola | Skip to:
https://www.ola.pt/r/dacquoise-de-chocolate.html/159926 | Dacquoise de Chocolate  Ola | Skip to:
https://www.ola.pt/sobre-a-ola/por-favor-recicle.html | Recicle  Ola | Skip to:
https://www.ola.pt/contato.html#main-content | Contactos Olá  Ola | Skip to:
https://www.unilever-fima.com/ | Unilever Portugal  Unilever | Unilever PortugalMudar localização
https://www.streetsicecream.co.nz | Home  Streets NZ | Skip to:
https://www.ola.pt/r/brownie-de-chocolate.html/159927 | Brownie de Chocolate  Ola | Skip to:
https://www.magnumicecream.com/pt/produtos/bites.html | Bites  Magnum | Skip to:
https://www.magnumicecream.com/pt/produtos/os-vegan.html | OS VEGAN  Magnum Ice cream | Skip to:
https://www.magnumicecream.com/pt/artigos/campanha/new-magnum-chocolate-hazelnut-praline.html | Magnum  Nova Magnum Chocolate e Avelã Praliné | Skip to:
https://www.magnumicecream.com/pt/home.html#top | Magnum  Home | Skip to:
https://www.ola.pt/home.html#footer | Home  Ola | Skip to:
https://www.ola.pt/marcas/carte-d-or.html#footer | Carte D'Or  Ola | Skip to:
https://www.sharehappy.gr/ | Αρχική σελίδα | Μετάβαση σε:
https://www.ola.pt/marcas/viennetta.html#search-input | Viennetta  Ola | Skip to:
https://www.ola.pt/p/mini-bites-morango.html/08711327507081 | Mini Bites Morango  Ola | Skip to:
https://www.ola.pt/p/multipack-super-maxi.html/08712566118625 | Multipack Super Maxi  Ola | Skip to:
https://www.magnumicecream.com/pt/artigos/sustentabilidade/prazer-imaginado.html | Magnum - O prazer imaginado: arrecadando fundos para mulheres agricultoras de cacau | Skip to:
https://www.ingman.fi | Etusivu  Ingman | Skip to:
https://www.algida.com.tr/ | Algida Dondurma Ailesi  Ana Sayfa  Algida | Geçiş Yap:
https://www.heladospinguino.com.ec/ | Inicio  Pingüino | Pasemos a:
https://www.ola.pt/marcas/carte-d-or/cdo-recycle-me.html | Carte D'Or  Recycle me  Ola | Skip to:
https://www.magnumicecream.com/pt/p/sandwich.html/08000920585603 | Magnum Sandwich  Produtos | Skip to:
https://www.ola.pt/p/multipack-cornetto-filipinos.html/08711327597761 | Multipack Cornetto Filipinos®  Ola | Skip to:
https://www.ola.pt/p/carte-d%C2%B4or-yogurt-&-forest-fruits.html/08000920337202/carte-dor | Home  Ola | Skip to:
https://www.ola.pt/p/viennetta-salted-caramel.html/08711327591011 | Viennetta Salted Caramel  Ola | Skip to:
https://www.magnumicecream.com/pt/produtos/os-classicos.html | OS CLÁSSICOS  Magnum Ice cream | Skip to:
https://www.ola.pt/marcas/carte-d-or/receitas.html |  Ola | Skip to:
